,Index,User Id,First Name,Last Name,Gender,Email,Phone,Date of birth,Job Title,Age,Age Group
0,1,88F7B33d2bcf9f5,Shelby,Terrell,Male,elijah57@example.net,001-084-906-7849x73518,1945-10-26,Games developer,78.0,"(70, 80]"
1,2,f90cD3E76f1A9b9,Phillip,Summers,Female,bethany14@example.com,214.112.6044x4913,1910-03-24,Phytotherapist,113.0,
2,3,DbeAb8CcdfeFC2c,Kristine,Travis,Male,bthompson@example.com,277.609.7938,1992-07-02,Homeopath,31.0,"(30, 40]"
3,4,A31Bee3c201ef58,Yesenia,Martinez,Male,kaitlinkaiser@example.com,584.094.6111,2017-08-03,Market researcher,6.0,"(0, 10]"
4,5,1bA7A3dc874da3c,Lori,Todd,Male,buchananmanuel@example.net,689-207-3558x7233,1938-12-01,Veterinary surgeon,85.0,"(80, 90]"
5,6,bfDD7CDEF5D865B,Erin,Day,Male,tconner@example.org,001-171-649-9856x5553,2015-10-28,Waste management officer,8.0,"(0, 10]"
6,7,bE9EEf34cB72AF7,Katherine,Buck,Female,conniecowan@example.com,+1-773-151-6685x49162,1989-01-22,Intelligence analyst,35.0,"(30, 40]"
7,8,2EFC6A4e77FaEaC,Ricardo,Hinton,,wyattbishop@example.com,001-447-699-7998x88612,1924-03-26,Hydrogeologist,99.0,"(90, 100]"
8,9,baDcC4DeefD8dEB,Dave,Farrell,Male,nmccann@example.net,603-428-2429x27392,2018-10-06,Lawyer,5.0,"(0, 10]"
9,10,8e4FB470FE19bF0,Isaiah,Downs,Male,virginiaterrell@example.org,+1-511-372-1544x8206,1964-09-20,"Engineer, site",59.0,"(50, 60]"
10,11,BF0BbA03C29Bb3b,Sheila,Ross,Female,huangcathy@example.com,895.881.4746,2008-03-20,Advertising account executive,15.0,"(10, 20]"
11,12,F738c69fB34E62E,Stacy,Newton,Male.,rayleroy@example.org,710.673.3213x80335,1980-10-20,Warden/ranger,43.0,"(40, 50]"
12,13,C03fDADdAadAdCe,Mandy,Blake,Male,jefferynoble@example.org,(992)466-1305x4947,2007-12-08,"Scientist, clinical (histocompatibility and immunogenetics)",16.0,"(10, 20]"
13,14,b759b74BD1dE80d,Bridget,Nash,Female,mercedes44@example.com,(216)627-8359,2004-06-28,Social worker,19.0,"(10, 20]"
14,15,1F0B7D65A00DAF9,Crystal,Farmer,Male,pmiranda@example.org,-5791,1992-03-09,Agricultural consultant,31.0,"(30, 40]"
15,16,50Bb061cB30B461,Thomas,Knight,,braunpriscilla@example.net,-2005,2006-02-18,Sport and exercise psychologist,18.0,"(10, 20]"
16,17,D6dbA5308fEC4BC,Maurice,Rangel,Male,sheenabanks@example.com,(246)187-4969,2004-08-20,Secretary/administrator,19.0,"(10, 20]"
17,18,311D775990f066d,Frank,Meadows,Male,gbrewer@example.org,429.965.3902x4447,2008-09-16,Audiological scientist,15.0,"(10, 20]"
18,19,7F7E1BAcb0C9AFf,Alvin,Paul,Male,gilbertdonaldson@example.com,219.436.0887x07551,1949-05-12,"Teacher, adult education",74.0,"(70, 80]"
19,20,88473e15D5c3cD0,Jared,Mitchell,Female,jcortez@example.com,-8587,1921-01-18,Paediatric nurse,103.0,
20,21,b31D271F8c200AB,Jacqueline,Norton,Female.,carias@example.net,819.309.7679x59173,1952-10-09,"Scientist, marine",71.0,"(70, 80]"
21,22,42F4BdA841aBadC,Colleen,Hatfield,Female,fknox@example.org,638.584.1090,1949-10-14,Commercial horticulturist,74.0,"(70, 80]"
22,23,cBbBcA0FCA3C4Bc,Randy,Barnes,Male,huangbill@example.org,001-960-629-7164x67214,,Outdoor activities/education manager,57.98924731182796,
23,24,f1f89173353aD90,Janice,Rhodes,Female,juarezdominique@example.net,001-249-314-9742x6996,1999-11-01,Drilling engineer,24.0,"(20, 30]"
24,25,c5B09fb33e8bA0A,Alfred,Mcneil,Female,cassandramorris@example.com,(468)276-9509x53058,1993-05-28,Systems analyst,30.0,"(20, 30]"
25,26,c9F2282C40BEC1E,Sean,Levine,Male,sallymiller@example.net,4915828504,2010-10-09,"Conservation officer, nature",13.0,"(10, 20]"
26,27,9c1bc7EC53Fb7cE,Louis,Payne,Male,bsullivan@example.net,6232695307,1916-01-29,Counsellor,108.0,
27,28,ddEc50e2A2e3a2B,Brittney,Vega,Female,ayalajose@example.net,945-739-8686,1932-10-31,Recycling officer,91.0,"(90, 100]"
28,29,66F096D36Ebae11,Judy,Buckley,Male,irosales@example.net,001-654-208-1241x52830,1963-07-28,Art gallery manager,60.0,"(50, 60]"
29,30,F0fE2faAd78F8b5,Norman,Weber,Male,mconrad@example.com,223.002.0429,1957-05-21,Gaffer,66.0,"(60, 70]"
30,31,5d2feAfbdCAA6B5,Isaiah,Camacho,Female,jimblake@example.org,001-536-544-3367,1966-04-07,Food technologist,57.0,"(50, 60]"
31,32,cDa5F303fCd6dEa,Jacqueline,Gallagher,Male,nsampson@example.net,(247)762-8934,1999-02-25,Building services engineer,24.0,"(20, 30]"
32,33,8Ef7DBfcaB02b6B,Bonnie,Andrews,Female,caitlin24@example.net,+1-253-987-2776x9161,1953-12-21,Seismic interpreter,70.0,"(60, 70]"
33,34,6Dec5b5542F8ed8,Brandon,Schmidt,Female,mconley@example.net,+1-386-673-1465x006,1931-05-12,"Engineer, biomedical",92.0,"(90, 100]"
34,35,3Fb8a7f68e12784,Jackson,Sparks,Female,reynoldsdarryl@example.net,(137)908-3129x65035,1980-11-18,Set designer,43.0,"(40, 50]"
35,36,035eff50B9A0F24,Melody,Cook,Male,jeannovak@example.org,(826)792-7381,1963-06-25,Research scientist (life sciences),60.0,"(50, 60]"
36,37,aa614aAE4B7Cf0C,Leonard,Hurst,Male,clinton78@example.org,941-038-0427x38800,1938-03-13,"Accountant, chartered management",85.0,"(80, 90]"
37,38,ACcde95AAe3e6cC,Gene,Rich,Female.,luisdeleon@example.org,+1-356-818-6604x89537,1946-08-22,"Surveyor, quantity",77.0,"(70, 80]"
38,39,b6a35de5CB6fc25,Cynthia,Wiggins,Female,rosariodave@example.org,(110)858-2437x70190,1984-01-27,Outdoor activities/education manager,40.0,"(30, 40]"
39,40,e92A191E345fA3A,Tanya,Mckinney,,vickihouston@example.com,(830)774-9002x086,,Information systems manager,57.98924731182796,
40,41,7D0AcBF6CCac3fd,Matthew,Stone,Female,evelyn31@example.org,952-381-6360,2017-08-23,"Scientist, clinical (histocompatibility and immunogenetics)",6.0,"(0, 10]"
41,42,CEFA7BBCef013AE,Kirk,Walsh,Female,stephenfuller@example.org,001-826-496-5529x8661,2009-04-08,Accounting technician,14.0,"(10, 20]"
42,43,9edBC94aE7cA22a,Willie,Vang,Female,haleymathews@example.net,741.168.6854x067,1978-02-02,Management consultant,46.0,"(40, 50]"
43,44,fFe7BAA737aDbe2,Miguel,Hill,Female,tyrone56@example.org,5247842945,1930-08-26,Make,93.0,"(90, 100]"
44,45,5F2f3fAca8B0946,Darren,Andrews,Male,lhernandez@example.com,(975)799-4261,1997-10-04,Retail banker,26.0,"(20, 30]"
45,46,6bFcfc3cc1BC6B4,Haley,Pugh,Female,molly03@example.org,(746)182-6137x2453,1980-09-16,Commissioning editor,43.0,"(40, 50]"
46,47,f3BD2cBF7eEb6df,Danielle,Estrada,Female,jvang@example.org,(890)374-9518x772,1930-07-09,"Accountant, chartered management",93.0,"(90, 100]"
47,48,Ee4eB129dC7913A,Becky,Brady,Male,erikmueller@example.org,(390)002-0863,1957-06-27,Seismic interpreter,66.0,"(60, 70]"
48,49,dBCEf340C3657Eb,Caitlyn,Frey,Male,rivasdominique@example.org,805-021-3965x46344,,Jewellery designer,57.98924731182796,
49,50,E47FB71DD9ACCd9,Joshua,Sweeney,Male,daisymcgee@example.net,875.994.2100x535,1954-07-28,"Education officer, museum",69.0,"(60, 70]"
50,51,eA3fDd79BE9f0E7,Heidi,Escobar,Female,staffordtravis@example.net,601-155-3065x1131,1931-09-25,Estate manager/land agent,92.0,"(90, 100]"
51,52,aF0eE4547Bc025c,Brian,Oconnell,Female,saralong@example.net,952-283-1423x733,1911-10-23,Physiotherapist,112.0,
52,53,9F5DeD7aD228F5a,Beverly,Esparza,Female,iphelps@example.net,+1-327-578-8754x6771,1930-12-09,Passenger transport manager,93.0,"(90, 100]"
53,54,D3Fa0220dDE4d36,Nathaniel,Rivas,Female,roberto29@example.com,(655)887-2040x37888,1908-11-17,Call centre manager,115.0,
54,55,60FdBFd5e7BE8fF,Debra,Payne,Female,yolanda07@example.org,001-731-525-8400x52593,1927-08-20,Special educational needs teacher,96.0,"(90, 100]"
55,56,D8bF5Ab2b98caff,Mackenzie,Rocha,Female,abbottyvette@example.net,4225525458,1980-10-21,Museum/gallery exhibitions officer,43.0,"(40, 50]"
56,57,CD8d33aA25bc8BB,Courtney,Watkins,Female,ochang@example.org,210.683.2761x5883,2003-12-07,Pension scheme manager,20.0,"(10, 20]"
57,58,Fac3BfFf0A3d03c,Fred,Olsen,Female,amyanderson@example.com,497-774-3053,,Archaeologist,57.98924731182796,
58,59,e552D7ddafe1FFb,Ryan,Nelson,Female,qnorman@example.org,956.330.2951,1924-05-02,Historic buildings inspector/conservation officer,99.0,"(90, 100]"
59,60,0f8deedb629A5f6,Grace,Phelps,Male,clarkeangela@example.net,(034)867-8827x6777,1909-10-15,Petroleum engineer,114.0,
60,61,bB9e49E506F65ed,Shari,Daugherty,Male,kalvarado@example.org,001-951-655-4798x6124,1944-11-24,Curator,79.0,"(70, 80]"
61,62,Ed724605A403D91,Kelli,Garner,Male,jodyvincent@example.org,995.000.4213x0982,2010-01-17,Retail banker,14.0,"(10, 20]"
62,63,0aBE5ACb18E0c10,Jackie,Bennett,Male,hutchinsonkirk@example.com,001-740-937-0846x0087,1915-11-11,Neurosurgeon,108.0,
63,64,5D2cb63CaAF53f6,Leslie,Conway,Female,floreschristina@example.org,795.782.4384x555,1983-11-06,Chiropractor,40.0,"(30, 40]"
64,65,Ee6974f90eeCe18,Harold,Barnett,Female,nathan65@example.org,-6682,1943-03-15,"Biochemist, clinical",80.0,"(70, 80]"
65,66,cEf02C076afa07f,Larry,Harper,,maria32@example.org,+1-244-630-3792x4121,2021-05-05,"Scientist, water quality",2.0,"(0, 10]"
66,67,9Df5Ba591bF3EFf,Mike,Ward,Female,imccullough@example.com,116-729-5046,1967-11-09,Hydrologist,56.0,"(50, 60]"
67,68,3faB1CBfEFBDdD4,Brittney,Rubio,Female,corey92@example.com,593.976.2528,1959-12-24,"Biochemist, clinical",64.0,"(60, 70]"
68,69,Ebcefdf75eCb0a9,Frank,Pineda,Male,daltoncalvin@example.net,(035)961-5060x9182,1926-03-10,Hospital pharmacist,97.0,"(90, 100]"
69,70,e75e5DBfcb68887,Sandra,Wu,Male,ubanks@example.com,+1-096-606-6454x067,1925-04-28,Warehouse manager,98.0,"(90, 100]"
70,71,6a53a8D41dDF6de,Ryan,Benton,Male,lopezdebbie@example.org,+1-695-557-9948x485,2020-10-06,Physiological scientist,3.0,"(0, 10]"
71,72,F0d3bD1aaf9E3Bc,Tamara,Hull,Male,meagan39@example.net,017.665.3744x7944,1933-01-31,English as a second language teacher,91.0,"(90, 100]"
72,73,5bC87340799FBD0,Jean,Ritter,Female,kristina76@example.com,(954)060-1066,,Financial trader,57.98924731182796,
73,74,dBfA17Aaf16b4ab,Veronica,Briggs,Female,weissbridget@example.com,+1-521-589-2387x48490,1974-06-08,Structural engineer,49.0,"(40, 50]"
74,75,c935b7Eb6FA0B0F,Kim,Andrews,Female,wpetersen@example.org,7677125383,1990-11-15,"Biochemist, clinical",33.0,"(30, 40]"
75,76,b3e15e65Ca2CcBf,Tina,Cunningham,Male,wongmary@example.org,079-907-5051,1956-11-29,Race relations officer,67.0,"(60, 70]"
76,77,dade3452F0c32FD,Jonathon,Atkinson,,gailfrench@example.net,874-037-2032x932,2011-07-19,"Psychologist, forensic",12.0,"(10, 20]"
77,78,AdEd6cfD85DeC46,Jermaine,Reid,Female,vpaul@example.com,(742)214-8691,1974-08-18,Newspaper journalist,49.0,"(40, 50]"
78,79,DAf111987098ae4,Regina,Stevens,Male,xpoole@example.net,891-359-2684,2011-11-28,Public house manager,12.0,"(10, 20]"
79,80,6e6a5b885F6496d,Terrence,Huff,Male,cassandra80@example.org,221.800.6408x5416,1944-02-27,Careers information officer,79.0,"(70, 80]"
80,81,12DCb4ED8E01D5C,Tyler,Foley,Female,johnathan72@example.org,001-386-469-3075x8030,1908-09-19,Economist,115.0,
81,82,E1cB5cA8CA7CC0a,Andrew,Waters,Male,nhall@example.net,+1-376-865-2765x3351,1948-05-14,Jewellery designer,75.0,"(70, 80]"
82,83,AedDfaE8Cf49F07,Reginald,Stephenson,Male,erikaball@example.net,+1-832-500-6044x475,,Contracting civil engineer,57.98924731182796,
83,84,bff9853aFAeF772,Douglas,Reese,Female,nixonvanessa@example.net,001-834-660-8312x9864,1961-11-11,Higher education lecturer,62.0,"(60, 70]"
84,85,E883773cA5219Be,Helen,Williamson,Female,melvin08@example.net,001-377-726-4229,1911-08-11,"Lecturer, further education",112.0,
85,86,CB19EafEbBfF9eC,Mario,Vaughn,Male,oblake@example.com,160-144-5039x12276,1990-07-08,Research scientist (life sciences),33.0,"(30, 40]"
86,87,5834700fbEd2771,Chelsea,Dickson,Male,johnnyhendricks@example.net,001-698-651-0138x18588,1958-05-13,"Teacher, early years/pre",65.0,"(60, 70]"
87,88,2b0Ab1Dc9E01D7E,Dustin,Bailey,Male,pbarron@example.net,+1-965-621-1157x345,1908-08-22,Travel agency manager,115.0,
88,89,3f3a3D89ad042Dd,Harry,Medina,Female,olsenmalik@example.net,-6354,1947-08-24,Technical sales engineer,76.0,"(70, 80]"
89,90,9425E2F38C408ef,Kathy,Haney,Female,teresa37@example.com,(164)105-8456,1955-09-02,Charity fundraiser,68.0,"(60, 70]"
90,91,F0aeC9c2759F3C6,Alison,Nixon,,zmiles@example.net,3506680871,1941-07-10,Patent attorney,82.0,"(80, 90]"
91,92,d6EA619A7C4aA95,Jamie,Hardy,Female,sheenadouglas@example.com,(900)803-9295x11533,1994-07-17,"Conservator, furniture",29.0,"(20, 30]"
92,93,2A33E7Cad1bb0F5,Melody,Cox,Female,evan90@example.org,(626)520-5080x3511,1974-07-30,Dance movement psychotherapist,49.0,"(40, 50]"
93,94,d181FFB7d3E68bb,Xavier,Cole,Male,nicolas90@example.org,8164259975,1938-11-29,Financial planner,85.0,"(80, 90]"
94,95,feaBf8dAE0C0d6F,Dillon,Guzman,Female,angelanavarro@example.net,971-992-4521,1942-04-01,Air broker,81.0,"(80, 90]"
95,96,5eFda7caAeB260E,Dennis,Barnes,Female,bmartin@example.org,001-095-524-2112x257,1954-07-30,Software engineer,69.0,"(60, 70]"
96,97,CCbFce93d3720bE,Steve,Patterson,Female,latasha46@example.net,001-865-478-5157,,Barrister,57.98924731182796,
97,98,2fEc528aFAF0b69,Wesley,Bray,Male,regina11@example.org,995-542-3004x76800,1994-12-28,Police officer,29.0,"(20, 30]"
98,99,Adc7ad9B6e4A1Fe,Summer,Oconnell,Female,alexiscantrell@example.org,001-273-685-6932x092,2012-04-12,Broadcast journalist,11.0,"(10, 20]"
99,100,b8D0aD3490FC7e1,Mariah,Bernard,Male,pcopeland@example.org,(341)594-6554x44657,2016-11-15,IT sales professional,7.0,"(0, 10]"
